{
  "hash": "328488aa",
  "configHash": "409f3b13",
  "lockfileHash": "683e28b8",
  "browserHash": "efb735ec",
  "optimized": {
    "@angular/common": {
      "src": "../../../../../../node_modules/@angular/common/fesm2022/common.mjs",
      "file": "@angular_common.js",
      "fileHash": "f2f43334",
      "needsInterop": false
    },
    "@angular/core": {
      "src": "../../../../../../node_modules/@angular/core/fesm2022/core.mjs",
      "file": "@angular_core.js",
      "fileHash": "03982bcf",
      "needsInterop": false
    },
    "@angular/platform-browser": {
      "src": "../../../../../../node_modules/@angular/platform-browser/fesm2022/platform-browser.mjs",
      "file": "@angular_platform-browser.js",
      "fileHash": "5f8ceff8",
      "needsInterop": false
    },
    "@angular/platform-server": {
      "src": "../../../../../../node_modules/@angular/platform-server/fesm2022/platform-server.mjs",
      "file": "@angular_platform-server.js",
      "fileHash": "7720d469",
      "needsInterop": false
    },
    "@angular/router": {
      "src": "../../../../../../node_modules/@angular/router/fesm2022/router.mjs",
      "file": "@angular_router.js",
      "fileHash": "09ea96ab",
      "needsInterop": false
    },
    "@angular/ssr": {
      "src": "../../../../../../node_modules/@angular/ssr/fesm2022/ssr.mjs",
      "file": "@angular_ssr.js",
      "fileHash": "737aa66c",
      "needsInterop": false
    },
    "@angular/ssr/node": {
      "src": "../../../../../../node_modules/@angular/ssr/fesm2022/node.mjs",
      "file": "@angular_ssr_node.js",
      "fileHash": "7c94383c",
      "needsInterop": false
    },
    "bootstrap": {
      "src": "../../../../../../node_modules/bootstrap/dist/js/bootstrap.esm.js",
      "file": "bootstrap.js",
      "fileHash": "093acf59",
      "needsInterop": false
    },
    "express": {
      "src": "../../../../../../node_modules/express/index.js",
      "file": "express.js",
      "fileHash": "37ed9a52",
      "needsInterop": true
    },
    "flatpickr": {
      "src": "../../../../../../node_modules/flatpickr/dist/esm/index.js",
      "file": "flatpickr.js",
      "fileHash": "413cb4ba",
      "needsInterop": false
    },
    "rxjs": {
      "src": "../../../../../../node_modules/rxjs/dist/cjs/index.js",
      "file": "rxjs.js",
      "fileHash": "c6df3317",
      "needsInterop": true
    },
    "rxjs/operators": {
      "src": "../../../../../../node_modules/rxjs/dist/cjs/operators/index.js",
      "file": "rxjs_operators.js",
      "fileHash": "2f25fb51",
      "needsInterop": true
    }
  },
  "chunks": {
    "xhr2-HQX5CY5B": {
      "file": "xhr2-HQX5CY5B.js"
    },
    "chunk-UEOPL6CI": {
      "file": "chunk-UEOPL6CI.js"
    },
    "chunk-N6LLCCBF": {
      "file": "chunk-N6LLCCBF.js"
    },
    "chunk-VJJ4SXF4": {
      "file": "chunk-VJJ4SXF4.js"
    },
    "chunk-M4OX2TFH": {
      "file": "chunk-M4OX2TFH.js"
    },
    "chunk-QN45EIZY": {
      "file": "chunk-QN45EIZY.js"
    },
    "chunk-XWG24KCA": {
      "file": "chunk-XWG24KCA.js"
    },
    "chunk-OGIUALEI": {
      "file": "chunk-OGIUALEI.js"
    },
    "chunk-DFRHWMTS": {
      "file": "chunk-DFRHWMTS.js"
    },
    "chunk-7RL4FTI4": {
      "file": "chunk-7RL4FTI4.js"
    },
    "chunk-ANGF2IQY": {
      "file": "chunk-ANGF2IQY.js"
    }
  }
}